City_ID,City,Country,Date,Lat,Lng,Max Temp,Humidity,Cloudiness,Wind Speed
0,Dikson,RU,2022-03-25 15:30:04,73.5069,80.5464,9.91,92,100,10.54
1,Touros,BR,2022-03-25 15:30:05,-5.1989,-35.4608,84.51,70,81,11.25
2,Matagami,CA,2022-03-25 15:30:06,49.7502,-77.6328,33.91,93,100,6.91
3,Hami,CN,2022-03-25 15:30:07,42.8,93.45,42.96,27,0,8.25
4,Busselton,AU,2022-03-25 15:30:08,-33.65,115.3333,71.74,52,100,3.98
5,Los Chiles,CR,2022-03-25 15:30:09,11.0333,-84.7167,85.66,53,97,9.22
6,Dalbandin,PK,2022-03-25 15:30:10,28.8947,64.4101,79.41,9,0,7.14
7,Ketchikan,US,2022-03-25 15:27:42,55.3422,-131.6461,39.67,87,100,11.5
8,The Valley,AI,2022-03-25 15:30:11,18.217,-63.0578,82.09,69,40,17.27
9,Ushuaia,AR,2022-03-25 15:29:22,-54.8,-68.3,56.86,47,40,18.41
10,Haines Junction,CA,2022-03-25 15:30:12,60.7522,-137.5108,21.15,86,100,2.3
11,Cape Town,ZA,2022-03-25 15:25:23,-33.9258,18.4232,74.26,49,20,19.57
12,Nicolas Ruiz,MX,2022-03-25 15:30:14,16.4,-92.5333,75.72,51,98,3.65
13,Cherskiy,RU,2022-03-25 15:30:14,68.75,161.3,0.27,97,99,12.88
14,Ambon,ID,2022-03-25 15:30:15,-3.6954,128.1814,78.94,89,40,5.75
15,Klaksvik,FO,2022-03-25 15:30:16,62.2266,-6.589,41.92,93,100,15.46
16,Puerto Cabezas,NI,2022-03-25 15:30:16,14.0351,-83.3888,82.36,78,75,6.91
17,Saint George,US,2022-03-25 15:28:31,37.1041,-113.5841,52.39,32,0,0.0
18,El Alto,PE,2022-03-25 15:30:17,-4.2714,-81.2147,82.06,66,92,8.37
19,Lebu,CL,2022-03-25 15:30:18,-37.6167,-73.65,60.13,67,1,19.15
20,Kapaa,US,2022-03-25 15:30:18,22.0752,-159.319,73.38,80,100,20.71
21,Butaritari,KI,2022-03-25 15:30:19,3.0707,172.7902,80.17,77,23,11.14
22,Palmer,US,2022-03-25 15:30:19,42.1584,-72.3287,53.49,78,75,4.61
23,Saldanha,ZA,2022-03-25 15:30:20,-33.0117,17.9442,77.05,70,0,19.69
24,Qinzhou,CN,2022-03-25 15:30:21,21.95,108.6167,75.43,90,11,10.33
25,Sao Filipe,CV,2022-03-25 15:30:21,14.8961,-24.4956,71.94,71,7,11.68
26,Georgetown,MY,2022-03-25 15:25:45,5.4112,100.3354,81.95,88,40,8.05
27,Nikolskoye,RU,2022-03-25 15:30:22,59.7035,30.7861,44.71,90,100,11.9
28,Uttarkashi,IN,2022-03-25 15:30:23,30.7333,78.45,60.67,28,0,7.49
29,Bartica,GY,2022-03-25 15:30:23,6.4,-58.6167,82.72,91,100,4.52
30,Mataura,NZ,2022-03-25 15:30:24,-46.1927,168.8643,49.8,99,89,2.08
31,Airai,TL,2022-03-25 15:30:24,-8.9266,125.4092,59.79,93,78,0.96
32,Bargarh,IN,2022-03-25 15:30:25,21.3333,83.6167,89.13,24,34,5.35
33,Yar-Sale,RU,2022-03-25 15:30:25,66.8333,70.8333,8.22,93,100,14.63
34,Bredasdorp,ZA,2022-03-25 15:30:26,-34.5322,20.0403,64.53,60,100,13.49
35,Guerrero Negro,MX,2022-03-25 15:30:26,27.9769,-114.0611,70.5,38,69,2.28
36,Punta Arenas,CL,2022-03-25 15:27:33,-53.15,-70.9167,55.51,54,75,17.27
37,Bethel,US,2022-03-25 15:30:27,41.3712,-73.414,55.18,83,40,1.99
38,Saint-Georges,GD,2022-03-25 15:30:28,12.0564,-61.7485,85.68,66,20,32.21
39,Bilibino,RU,2022-03-25 15:30:28,68.0546,166.4372,-5.96,100,100,1.95
40,Develi,TR,2022-03-25 15:26:28,38.3906,35.4922,38.55,76,98,9.17
41,Neuquen,AR,2022-03-25 15:30:29,-38.9516,-68.0591,66.09,45,0,2.3
42,Port Alfred,ZA,2022-03-25 15:30:29,-33.5906,26.891,65.98,74,99,9.04
43,Vila,PT,2022-03-25 15:30:30,42.0304,-8.1588,58.08,59,78,7.4
44,Port Elizabeth,ZA,2022-03-25 15:30:30,-33.918,25.5701,66.49,62,20,8.05
45,Hermanus,ZA,2022-03-25 15:31:31,-34.4187,19.2345,67.8,66,97,16.55
46,Avarua,CK,2022-03-25 15:31:31,-21.2078,-159.775,77.05,88,20,10.36
47,Rikitea,PF,2022-03-25 15:31:32,-23.1203,-134.9692,79.09,70,22,18.1
48,Pangnirtung,CA,2022-03-25 15:31:32,66.1451,-65.7125,8.6,78,75,0.0
49,Buin,CL,2022-03-25 15:31:33,-33.7333,-70.75,77.32,10,0,7.47
50,Bud,US,2022-03-25 15:31:33,39.447,-86.1758,43.75,86,100,13.24
51,Chokurdakh,RU,2022-03-25 15:31:33,70.6333,147.9167,-10.79,99,100,4.92
52,Bereda,ES,2022-03-25 15:31:34,43.2686,-7.5406,69.58,60,100,4.29
53,Barrow,US,2022-03-25 15:31:34,71.2906,-156.7887,-0.38,71,100,19.57
54,Salalah,OM,2022-03-25 15:31:35,17.0151,54.0924,77.07,56,0,0.87
55,Pevek,RU,2022-03-25 15:31:35,69.7008,170.3133,-17.9,96,38,6.49
56,Lata,PT,2022-03-25 15:31:36,40.1629,-8.3327,64.81,58,100,10.38
57,Konigs Wusterhausen,DE,2022-03-25 15:31:36,52.3014,13.633,65.17,41,0,9.22
58,Vaini,TO,2022-03-25 15:31:36,-21.2,-175.2,73.56,94,20,3.44
59,Bluff,NZ,2022-03-25 15:31:37,-46.6,168.3333,59.88,76,73,17.27
60,Ambilobe,MG,2022-03-25 15:31:37,-13.2,49.05,77.7,87,100,0.58
61,Albany,US,2022-03-25 15:27:01,42.6001,-73.9662,51.62,78,7,6.55
62,Puerto Ayora,EC,2022-03-25 15:31:38,-0.7393,-90.3518,82.36,73,35,8.59
63,Vostok,RU,2022-03-25 15:31:39,46.4856,135.8833,30.18,99,100,2.62
64,Yerbogachen,RU,2022-03-25 15:31:39,61.2767,108.0108,6.17,96,87,3.15
65,Lodwar,KE,2022-03-25 15:31:39,3.1191,35.5973,94.95,30,100,9.31
66,Rudsar,IR,2022-03-25 15:31:40,37.1376,50.288,49.98,82,27,3.94
67,Ajdabiya,LY,2022-03-25 15:31:40,30.7554,20.2263,60.35,52,0,11.14
68,Sitka,US,2022-03-25 15:31:41,57.0531,-135.33,39.09,81,100,21.85
69,Xining,CN,2022-03-25 15:31:41,36.6167,101.7667,33.57,60,90,3.78
70,Saint-Pierre,RE,2022-03-25 15:31:42,-21.3393,55.4781,80.29,79,100,9.22
71,Hilo,US,2022-03-25 15:31:42,19.7297,-155.09,67.73,86,0,4.61
72,Gayeri,BF,2022-03-25 15:31:42,12.6497,0.4931,104.63,9,7,9.71
73,Moose Factory,CA,2022-03-25 15:31:43,51.2585,-80.6094,32.0,80,100,8.05
74,Hare Bay,CA,2022-03-25 15:31:43,48.8499,-54.0148,35.2,50,71,6.24
75,Saint-Philippe,RE,2022-03-25 15:31:44,-21.3585,55.7679,80.22,83,46,7.2
76,Mount Isa,AU,2022-03-25 15:31:44,-20.7333,139.5,85.77,28,97,16.11
77,Arraial Do Cabo,BR,2022-03-25 15:31:45,-22.9661,-42.0278,93.16,58,0,12.66
78,Oda,JP,2022-03-25 15:31:45,35.1833,132.5,55.98,65,100,16.04
79,Provideniya,RU,2022-03-25 15:31:46,64.3833,-173.3,7.41,95,100,6.08
80,Hithadhoo,MV,2022-03-25 15:31:46,-0.6,73.0833,83.93,69,10,15.95
81,Rizhao,CN,2022-03-25 15:31:47,35.4275,119.4553,47.61,88,100,19.22
82,Kasongo-Lunda,CD,2022-03-25 15:31:47,-6.4667,16.8167,81.9,75,59,3.15
83,Sarana,RU,2022-03-25 15:31:48,56.4773,57.7259,15.69,90,4,2.55
84,Biak,ID,2022-03-25 15:31:48,-0.9131,122.8766,77.59,80,96,2.95
85,Ilulissat,GL,2022-03-25 15:28:29,69.2167,-51.1,21.22,63,100,8.05
86,Nyurba,RU,2022-03-25 15:31:50,63.2842,118.3319,5.56,100,97,1.95
87,Sioux Lookout,CA,2022-03-25 15:31:51,50.1001,-91.917,30.27,93,100,13.8
88,Chimbote,PE,2022-03-25 15:31:51,-9.0853,-78.5783,75.38,70,81,7.7
89,Hit,IQ,2022-03-25 15:31:52,33.6416,42.8251,60.17,41,88,4.76
90,Carnarvon,AU,2022-03-25 15:31:52,-24.8667,113.6333,80.67,83,55,13.8
91,Bengkulu,ID,2022-03-25 15:31:53,-3.8004,102.2655,77.45,81,11,3.89
92,Lucapa,AO,2022-03-25 15:32:53,-8.4192,20.7447,77.86,73,80,2.24
93,Jamestown,US,2022-03-25 15:32:45,42.097,-79.2353,42.03,63,100,12.66
94,Teya,RU,2022-03-25 15:32:54,60.3778,92.6267,14.61,98,96,4.81
95,Fortuna,US,2022-03-25 15:32:54,40.5982,-124.1573,48.65,96,100,3.44
96,Ouesso,CG,2022-03-25 15:32:55,1.6136,16.0517,87.46,48,80,2.46
97,Coihaique,CL,2022-03-25 15:32:55,-45.5752,-72.0662,58.95,55,0,4.61
98,Oranjemund,NA,2022-03-25 15:32:56,-28.55,16.4333,62.89,80,3,15.21
99,Saskylakh,RU,2022-03-25 15:32:56,71.9167,114.0833,-13.25,100,100,3.78
100,Fuling,CN,2022-03-25 15:32:56,29.7022,107.3919,60.12,87,99,2.51
101,West Wendover,US,2022-03-25 15:32:57,40.7391,-114.0733,43.81,53,0,3.44
102,Chicama,PE,2022-03-25 15:32:57,-7.8447,-79.1469,68.54,61,81,7.63
103,Torbay,CA,2022-03-25 15:32:58,47.6666,-52.7314,36.28,66,75,16.11
104,Samarai,PG,2022-03-25 15:32:58,-10.6167,150.6667,82.02,79,95,6.93
105,Norman Wells,CA,2022-03-25 15:32:59,65.282,-126.8329,-9.36,70,20,10.36
106,Dover,US,2022-03-25 15:31:58,39.1582,-75.5244,60.12,55,0,10.36
107,Yellowknife,CA,2022-03-25 15:29:43,62.456,-114.3525,-22.45,69,0,5.75
108,Severo-Kurilsk,RU,2022-03-25 15:33:00,50.6789,156.125,24.01,72,2,9.15
109,Eureka,US,2022-03-25 15:31:10,40.8021,-124.1637,48.92,80,70,2.59
110,Clyde River,CA,2022-03-25 15:33:00,70.4692,-68.5914,-3.77,71,75,19.57
111,Lompoc,US,2022-03-25 15:30:32,34.6391,-120.4579,56.12,96,100,0.0
112,Ouahigouya,BF,2022-03-25 15:33:01,13.5828,-2.4216,102.94,17,41,12.91
113,Lavrentiya,RU,2022-03-25 15:33:01,65.5833,-171.0,1.45,95,78,6.49
114,Yulara,AU,2022-03-25 15:33:02,-25.2406,130.9889,76.84,36,40,12.66
115,Sur,OM,2022-03-25 15:33:02,22.5667,59.5289,82.09,39,0,4.74
116,Tubli,PH,2022-03-25 15:33:03,13.9318,124.1478,78.3,89,21,5.91
117,Tarbagatay,RU,2022-03-25 15:33:03,51.4803,107.3602,20.73,87,78,2.84
118,Saint-Prosper,CA,2022-03-25 15:33:04,46.2117,-70.4811,30.49,100,100,4.36
119,Necochea,AR,2022-03-25 15:33:05,-38.5473,-58.7368,63.34,93,100,26.13
120,Tautira,PF,2022-03-25 15:33:05,-17.7333,-149.15,80.94,74,92,11.68
121,Onega,RU,2022-03-25 15:33:06,63.9061,38.1404,25.9,77,98,12.19
122,Surt,LY,2022-03-25 15:33:06,31.2089,16.5887,61.65,49,0,20.02
123,Uruzgan,AF,2022-03-25 15:33:06,32.8333,66.0,63.72,27,0,3.31
124,Leningradskiy,RU,2022-03-25 15:33:07,69.3833,178.4167,-11.15,96,70,6.2
125,Cidreira,BR,2022-03-25 15:33:07,-30.1811,-50.2056,70.43,57,100,14.7
126,Marawi,PH,2022-03-25 15:33:08,7.9986,124.2928,68.25,96,30,0.87
127,Castro,BR,2022-03-25 15:30:01,-24.7911,-50.0119,72.18,87,100,8.66
128,Stryn,NO,2022-03-25 15:33:09,61.9045,6.7226,47.12,100,100,5.32
129,Atuona,PF,2022-03-25 15:33:09,-9.8,-139.0333,79.16,78,36,21.16
130,Balikpapan,ID,2022-03-25 15:33:09,-1.2675,116.8289,77.18,89,94,3.67
131,Dudinka,RU,2022-03-25 15:33:10,69.4058,86.1778,18.63,90,100,17.31
132,Akureyri,IS,2022-03-25 15:33:10,65.6835,-18.0878,24.73,86,100,13.8
133,Kodiak,US,2022-03-25 15:33:11,57.79,-152.4072,36.91,93,100,12.66
134,Port Moresby,PG,2022-03-25 15:30:38,-9.4431,147.1797,74.62,94,20,3.44
135,New Norfolk,AU,2022-03-25 15:34:11,-42.7826,147.0587,55.71,74,6,2.44
136,Zvishavane,ZW,2022-03-25 15:34:12,-20.3267,30.0665,78.93,45,100,4.0
137,Danane,CI,2022-03-25 15:34:12,7.2596,-8.155,87.3,55,100,3.04
138,Upernavik,GL,2022-03-25 15:34:13,72.7868,-56.1549,16.99,84,100,20.96
139,Sinnamary,GF,2022-03-25 15:34:13,5.3833,-52.95,80.53,83,45,13.51
140,Souillac,MU,2022-03-25 15:34:13,-20.5167,57.5167,80.98,83,40,3.44
141,Vila Franca Do Campo,PT,2022-03-25 15:34:14,37.7167,-25.4333,63.01,84,100,21.85
142,Sept-Iles,CA,2022-03-25 15:33:50,50.2001,-66.3821,29.05,93,100,21.85
143,Lundazi,ZM,2022-03-25 15:34:14,-12.2929,33.1782,70.61,87,47,3.53
144,Husavik,IS,2022-03-25 15:34:15,66.0449,-17.3389,27.07,94,100,10.58
145,Hamilton,US,2022-03-25 15:34:15,39.1834,-84.5333,45.63,67,100,18.41
146,Tuatapere,NZ,2022-03-25 15:34:16,-46.1333,167.6833,51.39,93,81,3.13
147,Khatanga,RU,2022-03-25 15:34:16,71.9667,102.5,-18.47,100,93,3.36
148,Ribeira Grande,PT,2022-03-25 15:34:16,38.5167,-28.7,61.2,94,75,28.77
149,Mar Del Plata,AR,2022-03-25 15:29:23,-38.0023,-57.5575,68.09,91,75,23.0
150,Deputatskiy,RU,2022-03-25 15:34:17,69.3,139.9,-11.34,87,46,5.39
151,Victoria,HK,2022-03-25 15:33:38,22.2855,114.1577,80.65,88,87,15.99
152,Dickinson,US,2022-03-25 15:34:18,29.4608,-95.0513,72.16,59,0,4.0
153,Pushkinskiye Gory,RU,2022-03-25 15:34:18,57.0209,28.9103,40.91,90,64,6.38
154,Tuktoyaktuk,CA,2022-03-25 15:34:19,69.4541,-133.0374,-16.6,69,0,14.97
155,Talnakh,RU,2022-03-25 15:34:19,69.4865,88.3972,18.21,86,100,10.63
156,Nipawin,CA,2022-03-25 15:30:40,53.3668,-104.0009,12.24,62,0,14.97
157,Tura,IN,2022-03-25 15:34:23,25.5198,90.2201,72.37,69,34,9.22
158,Ponta Do Sol,PT,2022-03-25 15:34:24,32.6667,-17.1,66.13,71,59,0.89
159,Nikki,BJ,2022-03-25 15:34:24,9.9401,3.2108,102.52,9,11,10.96
160,Aswan,EG,2022-03-25 15:34:25,24.0934,32.907,70.9,14,0,12.66
161,Hasaki,JP,2022-03-25 15:34:25,35.7333,140.8333,52.2,71,100,19.19
162,Homer,US,2022-03-25 15:29:58,59.6425,-151.5483,40.05,82,100,5.75
163,La Crosse,US,2022-03-25 15:33:39,43.8014,-91.2396,41.41,78,100,17.27
164,Bac Lieu,VN,2022-03-25 15:34:26,9.285,105.7244,82.87,74,0,8.25
165,Geraldton,AU,2022-03-25 15:34:26,-28.7667,114.6,77.41,69,100,12.66
166,Coruripe,BR,2022-03-25 15:33:35,-10.1256,-36.1756,83.7,68,91,10.87
167,Cabra,ES,2022-03-25 15:34:27,37.4725,-4.4421,55.18,87,100,3.58
168,Mahibadhoo,MV,2022-03-25 15:34:28,3.7833,72.9667,82.83,65,0,6.22
169,Nisia Floresta,BR,2022-03-25 15:34:28,-6.0911,-35.2086,84.58,63,87,10.85
170,Rawson,AR,2022-03-25 15:34:29,-43.3002,-65.1023,61.84,49,0,6.26
171,Lazarev,RU,2022-03-25 15:34:29,52.225,141.5131,16.0,100,79,4.12
172,Pandan,PH,2022-03-25 15:34:29,14.0453,124.1694,79.03,87,19,8.25
173,Taltal,CL,2022-03-25 15:34:30,-25.4,-70.4833,68.16,71,18,4.18
174,Hokitika,NZ,2022-03-25 15:34:32,-42.7167,170.9667,56.41,68,0,5.3
175,Minnedosa,CA,2022-03-25 15:34:32,50.2453,-99.8436,23.56,85,99,19.01
176,Conceicao Do Araguaia,BR,2022-03-25 15:34:33,-8.2578,-49.2647,86.76,65,97,2.44
177,Longyearbyen,SJ,2022-03-25 15:34:33,78.2186,15.6401,-0.56,78,20,6.91
178,Ossora,RU,2022-03-25 15:34:34,59.2353,163.0719,1.74,87,18,6.67
179,Cabo Rojo,PR,2022-03-25 15:35:34,18.0866,-67.1457,85.91,63,43,5.01
180,Te Anau,NZ,2022-03-25 15:35:35,-45.4167,167.7167,49.46,94,81,1.01
181,Port-Gentil,GA,2022-03-25 15:35:35,-0.7193,8.7815,76.96,94,75,8.05
182,Hammerfest,NO,2022-03-25 15:35:36,70.6634,23.6821,23.45,74,75,21.85
183,Nioro,GM,2022-03-25 15:35:36,13.35,-15.75,100.4,11,0,5.82
184,Los Llanos De Aridane,ES,2022-03-25 15:35:36,28.6585,-17.9182,62.35,73,75,5.99
185,Santa Maria,BR,2022-03-25 15:33:26,-29.6842,-53.8069,69.1,52,20,12.66
186,Cap Malheureux,MU,2022-03-25 15:35:37,-19.9842,57.6142,80.47,83,4,1.01
187,Narsaq,GL,2022-03-25 15:35:37,60.9167,-46.05,37.62,53,29,0.83
188,Zajecar,RS,2022-03-25 15:35:38,43.9036,22.2641,57.06,46,0,14.12
189,Corralillo,CU,2022-03-25 15:35:40,22.9819,-80.5856,80.8,67,100,10.85
190,Port Hardy,CA,2022-03-25 15:30:40,50.6996,-127.4199,46.4,75,100,5.75
191,Kerikeri,NZ,2022-03-25 15:35:41,-35.2268,173.9474,63.91,87,41,6.04
192,Langsa,ID,2022-03-25 15:35:41,4.4683,97.9683,75.27,97,35,3.02
193,Angoche,MZ,2022-03-25 15:35:42,-16.2325,39.9086,80.78,81,74,6.58
194,Grindavik,IS,2022-03-25 15:35:42,63.8424,-22.4338,42.75,100,100,34.52
195,Kirakira,SB,2022-03-25 15:35:42,-10.4544,161.9205,78.8,82,100,0.16
196,Pangai,TO,2022-03-25 15:35:43,-19.8,-174.35,79.03,80,86,6.73
197,Pisco,PE,2022-03-25 15:35:43,-13.7,-76.2167,71.65,68,0,5.75
198,Bo Phloi,TH,2022-03-25 15:35:44,14.3236,99.5161,86.32,63,68,4.09
199,Vila Velha,BR,2022-03-25 15:30:48,-20.3297,-40.2925,87.75,66,20,10.36
200,Saint Anthony,US,2022-03-25 15:35:44,45.0205,-93.218,38.25,69,100,31.07
201,Vadso,NO,2022-03-25 15:35:45,70.0744,29.7487,25.68,68,20,11.5
202,Dhidhdhoo,MV,2022-03-25 15:35:45,6.8833,73.1,82.53,66,19,3.96
203,Turku,FI,2022-03-25 15:35:46,60.4515,22.2687,48.72,61,0,9.22
204,Daoukro,CI,2022-03-25 15:35:46,7.0591,-3.9631,89.58,50,87,4.0
205,Quang Ngai,VN,2022-03-25 15:35:46,15.1167,108.8,77.27,91,78,4.03
206,San Cristobal,VE,2022-03-25 15:35:47,7.7669,-72.225,77.18,55,93,6.42
207,Qaanaaq,GL,2022-03-25 15:35:47,77.484,-69.3632,-5.06,69,39,7.78
208,Zhigansk,RU,2022-03-25 15:35:49,66.7697,123.3711,2.37,97,100,5.75
209,Salta,AR,2022-03-25 15:35:50,-24.7859,-65.4117,68.59,42,20,4.61
210,Champerico,GT,2022-03-25 15:35:50,14.3,-91.9167,86.54,61,96,5.01
211,Petropavlovsk-Kamchatskiy,RU,2022-03-25 15:31:39,53.0452,158.6483,16.39,73,40,8.95
212,Hobart,AU,2022-03-25 15:35:53,-42.8794,147.3294,56.05,91,7,6.91
213,Vestmannaeyjar,IS,2022-03-25 15:35:54,63.4427,-20.2734,38.39,93,40,37.98
214,Denia,ES,2022-03-25 15:35:54,38.8408,0.1057,58.46,90,100,5.99
215,Bathsheba,BB,2022-03-25 15:35:55,13.2167,-59.5167,84.81,61,40,26.46
216,Bulgan,MN,2022-03-25 15:35:55,48.8125,103.5347,19.36,49,41,4.88
217,Sao Joao Da Barra,BR,2022-03-25 15:35:56,-21.6403,-41.0511,89.69,72,1,10.89
218,Bambanglipuro,ID,2022-03-25 15:35:56,-7.95,110.2833,78.94,83,100,0.51
219,Kvitok,RU,2022-03-25 15:35:56,56.0724,98.4813,16.16,93,85,5.41
220,Hobyo,SO,2022-03-25 15:35:57,5.3505,48.5268,82.31,76,71,12.46
221,Shalinskoye,RU,2022-03-25 15:35:57,55.7228,93.7594,14.49,91,59,6.8
222,Kenai,US,2022-03-25 15:35:28,60.5544,-151.2583,37.15,78,0,17.27
223,Belousovka,KZ,2022-03-25 15:35:58,50.1339,82.5239,27.45,74,37,13.42
224,Barabinsk,RU,2022-03-25 15:35:58,55.3571,78.357,30.96,94,100,21.52
225,Berlevag,NO,2022-03-25 15:36:59,70.8578,29.0864,22.8,62,100,10.98
226,Severnoye,RU,2022-03-25 15:36:59,56.3491,78.3619,31.21,95,100,19.55
227,Lasa,IT,2022-03-25 15:37:00,46.6166,10.7002,61.7,77,53,2.15
228,Viedma,AR,2022-03-25 15:37:00,-40.8135,-62.9967,65.32,51,0,17.9
229,Avera,US,2022-03-25 15:37:01,33.194,-82.5271,64.54,45,4,14.7
230,Deer Lake,CA,2022-03-25 15:37:01,49.1667,-57.4316,31.86,64,75,9.22
231,Sovetskiy,RU,2022-03-25 15:37:02,61.3614,63.5842,14.27,79,52,11.1
232,Sayanogorsk,RU,2022-03-25 15:37:02,53.0875,91.3997,20.88,78,34,6.73
233,Berdigestyakh,RU,2022-03-25 15:37:03,62.0989,126.6992,1.83,100,100,2.51
234,Boa Vista,BR,2022-03-25 15:37:03,2.8197,-60.6733,85.98,58,75,17.27
235,Boyolangu,ID,2022-03-25 15:37:04,-8.1181,111.8935,76.59,90,99,0.81
236,Xinpu,CN,2022-03-25 15:37:05,34.5997,119.1594,50.45,83,100,16.22
237,Meridian,US,2022-03-25 15:37:05,43.6121,-116.3915,49.35,60,0,3.44
238,Umm Kaddadah,SD,2022-03-25 15:37:06,13.6017,26.6876,80.64,9,6,18.43
239,Poso,ID,2022-03-25 15:37:06,-1.3959,120.7524,77.16,84,100,4.56
240,Brae,GB,2022-03-25 15:37:07,60.3964,-1.353,48.65,97,100,16.78
241,Miri,MY,2022-03-25 15:37:08,4.4148,114.0089,77.14,94,40,6.91
242,Upington,ZA,2022-03-25 15:36:50,-28.4478,21.2561,84.58,28,20,6.91
243,Tessalit,ML,2022-03-25 15:37:08,20.1986,1.0114,98.71,8,26,10.4
244,Cherdyn,RU,2022-03-25 15:37:09,60.403,56.4787,12.15,92,19,3.89
245,Florianopolis,BR,2022-03-25 15:34:12,-27.6146,-48.5012,79.63,74,20,5.75
246,Kavaratti,IN,2022-03-25 15:37:09,10.5669,72.642,83.28,63,4,4.03
247,Tiksi,RU,2022-03-25 15:37:10,71.6872,128.8694,-10.07,100,91,4.72
248,Ancud,CL,2022-03-25 15:37:10,-41.8697,-73.8203,63.23,64,47,3.51
249,Srednekolymsk,RU,2022-03-25 15:37:11,67.45,153.6833,2.71,97,100,10.07
250,Hambantota,LK,2022-03-25 15:37:12,6.1241,81.1185,80.94,94,20,0.0
251,Asau,RO,2022-03-25 15:37:12,46.4333,26.4,44.96,53,80,8.86
252,Rio Gallegos,AR,2022-03-25 15:37:13,-51.6226,-69.2181,55.45,44,0,11.5
253,Lorengau,PG,2022-03-25 15:37:14,-2.0226,147.2712,81.23,74,100,4.83
254,Yaan,NG,2022-03-25 15:37:14,7.3833,8.5667,103.23,8,91,10.11
255,Baykit,RU,2022-03-25 15:37:15,61.67,96.37,2.88,96,24,2.15
256,La Mira,MX,2022-03-25 15:37:15,18.035,-102.3266,83.01,24,74,2.51
257,Begunitsy,RU,2022-03-25 15:37:16,59.5855,29.3176,40.28,93,100,12.17
258,Cayenne,GF,2022-03-25 15:35:19,4.9333,-52.3333,84.24,1,100,17.27
259,Lisala,CD,2022-03-25 15:37:17,2.15,21.5167,79.39,67,94,2.17
260,Senanga,ZM,2022-03-25 15:37:18,-16.1167,23.2667,76.24,71,97,2.35
261,Eyl,SO,2022-03-25 15:37:18,7.9803,49.8164,79.11,67,88,10.42
262,Quatre Cocos,MU,2022-03-25 15:37:19,-20.2078,57.7625,80.71,80,10,9.01
263,East London,ZA,2022-03-25 15:35:09,-33.0153,27.9116,65.34,88,75,8.05
264,Luz,BR,2022-03-25 15:37:19,-19.8014,-45.6856,84.45,49,98,5.93
265,Grand Gaube,MU,2022-03-25 15:37:20,-20.0064,57.6608,81.0,83,3,1.01
266,College,US,2022-03-25 15:37:20,64.8569,-147.8028,19.38,67,40,8.05
267,Mahebourg,MU,2022-03-25 15:37:21,-20.4081,57.7,80.89,83,40,3.44
268,Nichinan,JP,2022-03-25 15:37:21,31.6,131.3667,63.91,80,100,18.48
269,Baryatino,RU,2022-03-25 15:37:22,54.3121,34.521,33.55,97,95,5.21
270,Molina,CL,2022-03-25 15:37:22,-35.1167,-71.2833,60.53,59,0,3.44
271,Olafsvik,IS,2022-03-25 15:37:22,64.8945,-23.7142,37.92,94,100,21.65
272,Okato,NZ,2022-03-25 15:38:23,-39.2,173.8833,59.92,71,20,11.3
273,Faanui,PF,2022-03-25 15:38:23,-16.4833,-151.75,81.91,72,96,12.77
274,Fomboni,KM,2022-03-25 15:38:24,-12.28,43.7425,84.27,69,74,6.11
275,Great Yarmouth,GB,2022-03-25 15:38:24,52.6083,1.7305,61.41,67,11,6.8
276,Burgos,ES,2022-03-25 15:38:25,42.3394,-3.7079,48.61,93,100,10.36
277,Longhua,CN,2022-03-25 15:38:25,23.6137,114.1919,70.65,99,80,1.41
278,Constitucion,CL,2022-03-25 15:38:26,-35.3333,-72.4167,66.54,48,0,5.17
279,Khargupur,IN,2022-03-25 15:38:26,27.3833,81.9833,79.34,13,0,9.01
280,Telde,ES,2022-03-25 15:38:27,27.9924,-15.4192,68.05,68,75,18.41
281,Visby,SE,2022-03-25 15:38:27,57.6409,18.296,52.02,54,0,13.8
282,Jiangyou,CN,2022-03-25 15:38:28,31.7667,104.7167,60.78,61,100,5.35
283,Thompson,CA,2022-03-25 15:38:28,55.7435,-97.8558,1.56,71,100,13.8
284,Cockburn Town,TC,2022-03-25 15:38:28,21.4612,-71.1419,82.36,61,40,20.71
285,Lazaro Cardenas,MX,2022-03-25 15:38:29,17.9583,-102.2,81.75,29,74,0.98
286,Rabo De Peixe,PT,2022-03-25 15:38:29,37.8,-25.5833,62.11,77,75,20.71
287,Nkhotakota,MW,2022-03-25 15:38:30,-12.9274,34.2961,77.0,81,7,2.46
288,San Francisco,US,2022-03-25 15:34:46,37.7749,-122.4194,50.9,89,100,11.01
289,Kiunga,PG,2022-03-25 15:38:30,-6.1219,141.2906,72.66,100,87,2.21
290,Solnechnyy,RU,2022-03-25 15:38:31,50.7214,136.6319,20.01,94,96,5.48
291,Krasnoselkup,RU,2022-03-25 15:38:31,65.7,82.4667,23.18,88,100,25.1
292,San Carlos,VE,2022-03-25 15:38:32,9.6612,-68.5827,93.6,37,63,6.38
293,Lithakia,GR,2022-03-25 15:38:32,37.7167,20.8333,67.28,52,0,9.22
294,Raglan,NZ,2022-03-25 15:38:33,-37.8,174.8833,59.43,86,1,9.46
295,Troitsko-Pechorsk,RU,2022-03-25 15:38:33,62.7084,56.1964,11.86,91,13,5.48
296,Harrogate,GB,2022-03-25 15:37:33,53.9908,-1.5373,66.7,33,0,4.61
297,Madang,PG,2022-03-25 15:38:34,-5.2246,145.7966,75.16,91,96,5.75
298,Mandiana,GN,2022-03-25 15:38:34,10.6333,-8.6833,99.28,28,62,1.52
299,San Patricio,US,2022-03-25 15:38:34,28.017,-97.5169,75.92,25,0,2.55
300,Dunedin,NZ,2022-03-25 15:38:35,-45.8742,170.5036,58.8,88,50,1.01
301,Igarka,RU,2022-03-25 15:38:36,67.4667,86.5833,19.42,87,100,17.36
302,Harstad,NO,2022-03-25 15:38:36,68.799,16.5293,32.31,99,100,11.01
303,Nouadhibou,MR,2022-03-25 15:38:36,20.931,-17.0347,73.38,49,76,13.8
304,Winfield,US,2022-03-25 15:38:37,37.2398,-96.9956,51.44,71,0,4.61
305,Vitim,RU,2022-03-25 15:38:37,59.4511,112.5578,4.59,98,98,1.23
306,Hofn,IS,2022-03-25 15:38:38,64.2539,-15.2082,33.82,69,100,5.75
307,Arlit,NE,2022-03-25 15:38:38,18.7369,7.3853,96.51,7,73,11.72
308,Verkhnevilyuysk,RU,2022-03-25 15:38:38,63.4453,120.3167,8.1,98,100,2.57
309,Otane,NZ,2022-03-25 15:38:39,-39.8833,176.6333,57.0,81,100,15.19
310,Aguada De Pasajeros,CU,2022-03-25 15:38:39,22.385,-80.8508,87.58,45,100,5.08
311,Leshukonskoye,RU,2022-03-25 15:38:40,64.8989,45.7622,21.6,79,100,7.61
312,Anadyr,RU,2022-03-25 15:38:40,64.75,177.4833,-1.7,84,40,8.95
313,Chichi,NG,2022-03-25 15:38:40,7.2721,8.9332,104.18,8,93,10.36
314,Coquimbo,CL,2022-03-25 15:38:41,-29.9533,-71.3436,60.53,82,75,10.36
315,La Paz,BO,2022-03-25 15:38:22,-16.5,-68.15,55.38,76,75,5.75
316,Tasiilaq,GL,2022-03-25 15:39:41,65.6145,-37.6368,21.36,79,100,10.76
317,Tiznit,MA,2022-03-25 15:39:42,29.5833,-9.5,59.4,59,58,11.65
318,Manaus,BR,2022-03-25 15:34:59,-3.1019,-60.025,82.89,78,75,6.91
319,Abnub,EG,2022-03-25 15:39:43,27.2696,31.1511,66.42,29,0,14.23
320,Ranong,TH,2022-03-25 15:39:43,9.9658,98.6348,79.45,85,6,1.48
321,Chifeng,CN,2022-03-25 15:39:44,42.2683,118.9636,37.9,34,89,3.02
322,Labuhan,ID,2022-03-25 15:39:44,-6.8844,112.2051,81.3,76,100,3.13
323,Pucallpa,PE,2022-03-25 15:39:44,-8.3791,-74.5539,84.24,65,75,6.91
324,Laredo,US,2022-03-25 15:39:15,27.5064,-99.5075,71.89,17,0,8.05
325,Oga,IT,2022-03-25 15:39:45,46.4631,10.347,54.28,79,60,1.99
326,Shiyan,CN,2022-03-25 15:39:45,32.6475,110.7781,52.23,59,100,3.51
327,Pirai Do Sul,BR,2022-03-25 15:39:46,-24.5261,-49.9486,71.89,90,98,7.23
328,Cotonou,BJ,2022-03-25 15:39:46,6.3654,2.4183,89.58,66,20,12.66
329,Maniitsoq,GL,2022-03-25 15:39:47,65.4167,-52.9,19.02,87,100,6.93
330,Codrington,AU,2022-03-25 15:39:47,-38.2667,141.9667,53.73,94,5,5.17
331,Acapulco,MX,2022-03-25 15:39:48,16.8634,-99.8901,78.62,38,100,4.61
332,Jumla,NP,2022-03-25 15:39:48,29.2747,82.1838,45.12,41,1,4.54
333,Khakhea,BW,2022-03-25 15:39:49,-24.6895,23.494,71.71,65,96,8.34
334,Wetter,DE,2022-03-25 15:39:49,50.9,8.7167,62.53,46,3,7.49
335,Bambous Virieux,MU,2022-03-25 15:39:49,-20.3428,57.7575,80.85,83,40,3.44
336,Termiz,UZ,2022-03-25 15:39:50,37.2242,67.2783,68.09,30,0,4.61
337,Chuy,UY,2022-03-25 15:39:50,-33.6971,-53.4616,64.49,55,86,18.81
338,Simpang Empat,MY,2022-03-25 15:39:06,4.95,100.6333,77.11,93,86,3.2
339,Raudeberg,NO,2022-03-25 15:39:51,61.9875,5.1352,43.47,95,100,10.74
340,Encheng,CN,2022-03-25 15:39:51,22.1839,112.3026,74.97,83,85,6.76
341,Wukari,NG,2022-03-25 15:39:52,7.85,9.7833,104.99,8,67,8.5
342,Port Hawkesbury,CA,2022-03-25 15:39:52,45.6169,-61.3485,33.82,98,100,28.77
343,Velika Gorica,HR,2022-03-25 15:39:53,45.7125,16.0756,68.5,19,0,2.3
344,Naze,JP,2022-03-25 15:39:53,28.3667,129.4833,67.12,88,100,25.48
345,Bereznik,RU,2022-03-25 15:39:54,62.8551,42.7072,23.23,79,100,8.43
346,Natal,BR,2022-03-25 15:35:39,-5.795,-35.2094,84.42,84,40,13.8
347,Kurchum,KZ,2022-03-25 15:39:54,48.5722,83.6542,17.11,88,42,6.69
348,Victor Harbor,AU,2022-03-25 15:39:55,-35.5667,138.6167,62.01,85,0,9.51
349,Lucea,JM,2022-03-25 15:37:55,18.451,-78.1736,82.26,62,79,4.0
350,Workington,GB,2022-03-25 15:35:44,54.6425,-3.5441,51.4,75,7,4.18
351,Flinders,AU,2022-03-25 15:39:56,-34.5833,150.8552,64.18,91,99,7.0
352,Selenginsk,RU,2022-03-25 15:39:56,52.0064,106.8647,21.61,86,23,5.35
353,Vagay,RU,2022-03-25 15:39:57,57.9375,69.0217,19.2,82,47,11.95
354,Lagoa,PT,2022-03-25 15:39:57,39.05,-27.9833,58.93,91,100,35.59
355,Vaitape,PF,2022-03-25 15:39:57,-16.5167,-151.75,81.97,71,96,12.75
356,Kota Kinabalu,MY,2022-03-25 15:39:58,5.9749,116.0724,80.58,89,20,3.44
357,Kensington,AU,2022-03-25 15:39:58,-33.9167,151.2167,68.7,89,75,8.05
358,Isangel,VU,2022-03-25 15:39:59,-19.55,169.2667,77.7,81,74,9.6
359,Rabaul,PG,2022-03-25 15:39:59,-4.1967,152.1721,81.09,76,99,5.48
360,Havre,FR,2022-03-25 15:40:00,49.5833,0.3333,64.8,59,0,16.11
361,Kutum,SD,2022-03-25 15:41:00,14.2,24.6667,78.51,11,87,15.61
362,Panaba,MX,2022-03-25 15:41:00,21.2833,-88.2667,78.35,37,8,16.13
363,General Roca,AR,2022-03-25 15:41:01,-39.0333,-67.5833,69.31,26,0,4.81
364,Talcahuano,CL,2022-03-25 15:41:01,-36.7167,-73.1167,64.08,55,0,10.36
365,Kijang,KR,2022-03-25 15:41:02,35.2442,129.2139,58.73,90,100,17.0
366,Redmond,US,2022-03-25 15:38:44,47.674,-122.1215,48.52,86,100,1.01
367,Marsh Harbour,BS,2022-03-25 15:41:02,26.5412,-77.0636,75.09,84,100,15.82
368,Maraba,BR,2022-03-25 15:41:03,-5.3686,-49.1178,86.18,84,75,4.61
369,Norsup,VU,2022-03-25 15:41:03,-16.0667,167.3833,79.32,85,100,3.33
370,Carahue,CL,2022-03-25 15:41:04,-38.7,-73.1667,67.96,41,8,3.69
371,Lakes Entrance,AU,2022-03-25 15:41:04,-37.8811,147.981,49.15,92,6,3.13
372,Novyye Burasy,RU,2022-03-25 15:41:04,52.1324,46.0714,33.1,90,100,3.44
373,Cape Canaveral,US,2022-03-25 15:41:05,28.4058,-80.6048,72.01,54,20,14.97
374,Mughal Sarai,IN,2022-03-25 15:41:05,25.3,83.1167,86.07,12,4,8.05
375,Kloulklubed,PW,2022-03-25 15:38:42,7.0419,134.2556,77.5,91,100,8.39
376,Klyuchi,RU,2022-03-25 15:41:06,52.2667,79.1667,25.29,90,97,12.91
377,Tenango,MX,2022-03-25 15:41:07,18.65,-98.1833,74.19,37,39,4.85
378,Lukovetskiy,RU,2022-03-25 15:41:07,64.2956,41.9211,23.45,77,100,7.11
379,Rio Grande,BR,2022-03-25 15:36:37,-32.035,-52.0986,73.51,49,2,21.47
380,Mayo,US,2022-03-25 15:41:08,38.8876,-76.5119,61.5,50,0,10.0
381,Mopipi,BW,2022-03-25 15:41:08,-21.1833,24.8833,76.57,55,100,5.37
382,Vestmanna,FO,2022-03-25 15:41:08,62.1564,-7.1664,40.12,93,100,19.57
383,Whitehorse,CA,2022-03-25 15:40:15,60.7161,-135.0538,30.97,60,75,8.05
384,Wake Forest,US,2022-03-25 15:41:09,35.9799,-78.5097,66.83,40,75,4.0
385,Acajutla,SV,2022-03-25 15:41:09,13.5928,-89.8275,88.65,46,88,4.23
386,Domoni,KM,2022-03-25 15:41:10,-12.2569,44.5319,81.61,82,100,4.99
387,Mogapi,BW,2022-03-25 15:41:10,-22.323,27.8349,70.23,74,100,15.3
388,Pangody,RU,2022-03-25 15:41:11,65.85,74.4859,17.6,95,100,19.08
389,Yhu,PY,2022-03-25 15:41:11,-25.05,-55.9167,63.64,59,99,5.08
390,Esperance,AU,2022-03-25 15:41:12,-33.8667,121.9,66.04,66,63,17.13
391,Moron,AR,2022-03-25 15:41:12,-34.6534,-58.6198,65.01,94,100,14.03
392,Nicoya,CR,2022-03-25 15:41:13,10.1483,-85.452,90.48,38,34,16.24
393,Nome,US,2022-03-25 15:41:13,64.5011,-165.4064,16.11,79,100,0.0
394,Aktas,KZ,2022-03-25 15:41:13,49.7789,72.9608,26.35,95,42,7.74
395,Tay Ninh,VN,2022-03-25 15:41:14,11.3,106.1,82.58,69,9,8.99
396,Komsomolskiy,UZ,2022-03-25 15:41:14,40.4272,71.7189,52.52,66,100,0.0
397,Motygino,RU,2022-03-25 15:41:15,58.1831,94.7592,4.24,99,60,2.35
398,Fairbanks,US,2022-03-25 15:38:23,64.8378,-147.7164,19.4,66,0,8.05
399,Churapcha,RU,2022-03-25 15:41:15,62.0025,132.4325,-3.24,100,98,3.18
400,Sangar,RU,2022-03-25 15:41:16,63.9242,127.4739,-5.21,100,62,1.86
401,Hualmay,PE,2022-03-25 15:41:16,-11.0964,-77.6139,74.82,72,90,7.52
402,Voh,NC,2022-03-25 15:41:17,-20.9667,164.7,74.57,90,91,4.18
403,Saint-Francois,FR,2022-03-25 15:41:17,46.4154,3.9054,67.44,28,0,9.22
404,Narasannapeta,IN,2022-03-25 15:41:17,18.4167,84.05,79.74,87,68,10.11
405,Qaqortoq,GL,2022-03-25 15:41:18,60.7167,-46.0333,32.95,52,40,1.5
406,Bodaybo,RU,2022-03-25 15:41:19,57.8506,114.1933,11.97,95,100,0.67
407,Camacha,PT,2022-03-25 15:41:19,33.0833,-16.3333,62.02,63,40,11.5
408,Kanker,IN,2022-03-25 15:41:20,20.2719,81.4931,84.94,31,94,2.08
409,Dong Hoi,VN,2022-03-25 15:42:20,17.4833,106.6,79.41,80,85,4.83
410,Falmouth,GB,2022-03-25 15:42:21,50.1544,-5.0711,63.5,51,1,17.27
411,Koulikoro,ML,2022-03-25 15:42:21,14.0,-7.75,101.5,18,57,3.67
412,Prince Rupert,CA,2022-03-25 15:38:54,54.3161,-130.3201,42.89,70,100,31.07
413,Ushtobe,KZ,2022-03-25 15:42:22,45.2514,77.9838,40.35,60,0,8.48
414,Gorontalo,ID,2022-03-25 15:42:22,0.5412,123.0595,75.72,90,100,2.33
415,Puri,IN,2022-03-25 15:42:22,19.8,85.85,81.12,86,17,23.4
416,Santander,ES,2022-03-25 15:40:10,43.4647,-3.8044,64.71,70,20,17.0
417,Ngunguru,NZ,2022-03-25 15:42:23,-35.6167,174.5,64.67,79,51,15.41
418,Puerto Madero,MX,2022-03-25 15:42:24,14.7208,-92.4215,84.87,57,100,4.81
419,Gwanda,ZW,2022-03-25 15:42:24,-20.9333,29.0,79.65,43,94,2.95
420,Gazanjyk,TM,2022-03-25 15:42:25,39.2446,55.5154,49.26,67,45,19.35
421,Goure,NE,2022-03-25 15:42:25,13.9835,10.2704,94.01,8,7,17.65
422,Margate,GB,2022-03-25 15:42:25,51.3813,1.3862,54.7,69,9,5.01
423,Ati,TD,2022-03-25 15:42:26,13.2154,18.3353,97.88,8,22,11.65
424,Aksu,CN,2022-03-25 15:42:26,41.1231,80.2644,46.76,56,89,5.61
425,San Buenaventura,MX,2022-03-25 15:42:27,27.0833,-101.5333,75.47,8,0,1.88
426,Fare,PF,2022-03-25 15:42:27,-16.7,-151.0167,81.18,73,95,13.06
427,Nova Olimpia,BR,2022-03-25 15:42:28,-14.7972,-57.2881,87.94,63,91,3.18
428,Santiago De Cao,PE,2022-03-25 15:42:28,-7.9589,-79.2392,69.93,83,88,8.05
429,Kupino,RU,2022-03-25 15:42:28,54.3663,77.2981,30.97,92,100,20.31
430,Amuntai,ID,2022-03-25 15:42:29,-2.4177,115.2494,75.61,96,92,1.05
431,Havelock,US,2022-03-25 15:42:30,34.8791,-76.9013,63.99,70,20,16.11
432,Burnie,AU,2022-03-25 15:42:31,-41.0667,145.9167,58.28,86,4,8.19
433,Alice Springs,AU,2022-03-25 15:40:10,-23.7,133.8833,69.35,32,8,8.05
434,Andrychow,PL,2022-03-25 15:42:32,49.855,19.3383,59.72,53,2,2.13
435,Puerto Del Rosario,ES,2022-03-25 15:42:32,28.5004,-13.8627,73.15,46,75,14.97
436,Shelburne,CA,2022-03-25 15:42:33,44.0787,-80.2041,35.91,96,100,13.33
437,Davila,PH,2022-03-25 15:42:37,18.4726,120.5763,78.78,79,2,4.07
438,Alofi,NU,2022-03-25 15:42:38,-19.0595,-169.9187,76.89,88,96,8.05
439,Espeland,NO,2022-03-25 15:42:38,60.3833,5.4667,47.44,94,75,8.05
440,Palora,EC,2022-03-25 15:42:39,-1.7,-77.9333,73.51,82,75,2.39
441,Haikou,CN,2022-03-25 15:42:39,20.0458,110.3417,80.73,83,0,8.95
442,Walvis Bay,NA,2022-03-25 15:42:39,-22.9575,14.5053,72.55,60,41,12.66
443,Mehran,IR,2022-03-25 15:42:40,33.1222,46.1646,64.27,23,65,11.54
444,Kearney,US,2022-03-25 15:42:40,40.6995,-99.0815,40.91,36,100,20.71
445,Tianpeng,CN,2022-03-25 15:42:41,30.9866,103.9393,57.67,82,100,8.32
446,Kansanshi,ZM,2022-03-25 15:42:41,-12.0951,26.4273,69.66,87,89,1.03
447,Kruisfontein,ZA,2022-03-25 15:42:41,-34.0033,24.7314,61.88,76,100,3.89
448,Padang,ID,2022-03-25 15:42:42,-0.9492,100.3543,78.31,78,23,2.93
449,Katsuura,JP,2022-03-25 15:42:42,35.1333,140.3,59.4,75,100,18.16
450,Stornoway,GB,2022-03-25 15:40:53,58.2093,-6.3865,55.36,69,75,10.36
451,Maragogi,BR,2022-03-25 15:42:43,-9.0122,-35.2225,82.63,74,98,11.07
452,Armacao De Pera,PT,2022-03-25 15:42:44,37.1026,-8.357,62.1,76,87,12.15
453,Praia Da Vitoria,PT,2022-03-25 15:42:44,38.7333,-27.0667,61.05,94,75,28.52
454,Yuzhno-Kurilsk,RU,2022-03-25 15:42:44,44.0306,145.8556,32.13,91,92,10.38
455,Westport,US,2022-03-25 15:43:45,41.1415,-73.3579,57.15,86,99,1.99
456,Yokadouma,CM,2022-03-25 15:43:46,3.5167,15.05,77.65,66,100,1.03
457,Kazanka,UA,2022-03-25 15:43:46,47.8462,32.8218,47.16,44,78,6.33
458,Zaysan,KZ,2022-03-25 15:43:47,47.4667,84.8667,20.88,75,31,5.84
459,Puerto Escondido,MX,2022-03-25 15:43:47,15.85,-97.0667,83.23,83,0,8.05
460,Maarianhamina,AX,2022-03-25 15:43:48,60.0973,19.9348,55.26,41,0,11.5
461,Trinidad,BO,2022-03-25 15:43:48,-14.8333,-64.9,82.38,78,75,0.0
462,Manggar,ID,2022-03-25 15:43:48,-2.8833,108.2667,81.07,74,87,0.69
463,Togur,RU,2022-03-25 15:43:49,58.3631,82.8265,26.87,90,100,18.84
464,Port Pirie,AU,2022-03-25 15:43:49,-33.1833,138.0167,64.49,44,0,6.62
465,Luba,GQ,2022-03-25 15:43:50,3.4568,8.5547,84.09,78,88,10.42
466,Kirensk,RU,2022-03-25 15:43:50,57.7853,108.1119,3.2,98,61,1.23
467,Kaitangata,NZ,2022-03-25 15:43:51,-46.2817,169.8464,53.71,93,85,5.82
468,Vung Tau,VN,2022-03-25 15:43:51,10.346,107.0843,81.61,79,0,8.63
469,Baker,US,2022-03-25 15:43:52,30.5882,-91.1682,67.95,62,0,9.98
470,Akcakoca,TR,2022-03-25 15:43:52,41.0866,31.1162,42.46,86,99,2.75
471,Hellin,ES,2022-03-25 15:43:53,38.5106,-1.701,51.31,82,100,20.89
472,Pahrump,US,2022-03-25 15:43:53,36.2083,-115.9839,57.25,14,4,5.35
473,Axim,GH,2022-03-25 15:43:54,4.8699,-2.2405,86.14,67,64,9.48
474,Gull Lake,CA,2022-03-25 15:43:54,50.1001,-108.4847,32.83,67,53,4.56
475,Tisau,RO,2022-03-25 15:43:55,45.1667,26.5167,51.06,40,86,11.95
476,Luderitz,NA,2022-03-25 15:43:55,-26.6481,15.1594,68.47,67,0,20.2
477,Yarim,YE,2022-03-25 15:43:56,14.298,44.3779,61.68,53,21,2.55
478,Mosjoen,NO,2022-03-25 15:41:55,65.836,13.1908,39.42,80,75,5.01
479,Vardo,NO,2022-03-25 15:43:57,70.3705,31.1107,24.78,86,40,13.8
480,Saint Augustine,US,2022-03-25 15:43:57,29.8947,-81.3145,71.1,54,0,12.66
481,Erdenet,MN,2022-03-25 15:43:58,49.0333,104.0833,19.09,35,41,2.84
482,Ciudad Bolivar,VE,2022-03-25 15:43:28,8.1222,-63.5497,88.74,48,78,11.68
483,Salisbury,GB,2022-03-25 15:39:48,51.0693,-1.7957,62.69,42,0,12.66
484,Cayce,US,2022-03-25 15:39:29,33.9657,-81.074,70.54,34,0,6.91
485,Mongu,ZM,2022-03-25 15:43:59,-15.2484,23.1274,76.73,67,82,2.91
486,Kluang,MY,2022-03-25 15:43:59,2.0251,103.3328,75.94,93,56,4.07
487,Cururupu,BR,2022-03-25 15:43:59,-1.8283,-44.8683,86.45,64,27,4.61
488,Namibe,AO,2022-03-25 15:44:00,-15.1961,12.1522,77.86,69,49,15.23
489,Katobu,ID,2022-03-25 15:44:00,-4.9408,122.5276,75.58,91,61,0.51
490,Lyubinskiy,RU,2022-03-25 15:44:01,55.1542,72.6925,29.88,90,100,18.39
491,Pasighat,IN,2022-03-25 15:44:04,28.0667,95.3333,73.31,54,96,3.67
492,Baracoa,CU,2022-03-25 15:44:04,20.3467,-74.4958,85.24,55,63,4.05
493,Paamiut,GL,2022-03-25 15:44:05,61.994,-49.6678,25.97,66,2,11.9
494,Kurumkan,RU,2022-03-25 15:44:05,54.3,110.3,10.62,84,93,6.06
495,Billings,US,2022-03-25 15:43:31,45.7833,-108.5007,39.51,51,40,5.75
496,Mount Gambier,AU,2022-03-25 15:44:06,-37.8333,140.7667,48.11,100,75,1.14
497,Faya,SA,2022-03-25 15:44:07,18.3851,42.4509,69.91,53,5,7.38
498,Amot,NO,2022-03-25 15:44:07,59.5714,7.9877,40.21,99,100,4.25
499,Ostrovnoy,RU,2022-03-25 15:44:07,68.0531,39.5131,22.12,75,100,4.59
500,La Ronge,CA,2022-03-25 15:44:08,55.1001,-105.2842,3.45,55,0,14.97
501,Gonbad-E Qabus,IR,2022-03-25 15:44:08,37.25,55.1672,50.95,71,99,4.43
502,Tabas,IR,2022-03-25 15:45:09,33.5959,56.9244,75.07,12,83,10.0
503,Litovko,RU,2022-03-25 15:45:09,49.2361,135.1742,17.1,96,75,3.0
504,Terrace,CA,2022-03-25 15:45:10,54.5163,-128.6035,39.11,87,75,5.75
505,San Joaquin,US,2022-03-25 15:45:10,37.9333,-121.3011,55.54,51,66,4.23
506,Kahului,US,2022-03-25 15:45:11,20.8947,-156.47,73.42,68,75,13.8
507,Innisfail,AU,2022-03-25 15:45:11,-17.5333,146.0333,74.23,93,100,3.89
508,Bichura,RU,2022-03-25 15:45:12,50.5881,107.6022,10.94,84,64,2.68
509,San Quintin,MX,2022-03-25 15:45:12,30.4833,-115.95,65.55,66,100,6.53
510,Mokhsogollokh,RU,2022-03-25 15:45:12,61.4681,128.9203,1.49,100,99,1.07
511,Constantine,DZ,2022-03-25 15:44:29,36.365,6.6147,62.01,41,75,13.8
512,Ulaangom,MN,2022-03-25 15:45:13,49.9811,92.0667,7.38,62,6,7.65
513,Clinton,US,2022-03-25 15:41:42,42.587,-82.9199,42.22,81,100,10.36
514,Nokaneng,BW,2022-03-25 15:45:14,-19.6667,22.2667,77.16,59,45,1.97
515,Esil,KZ,2022-03-25 15:45:14,51.9556,66.4042,30.18,89,100,10.13
516,Vao,NC,2022-03-25 15:45:15,-22.6667,167.4833,76.55,72,81,14.2
517,Vozdvizhenka,RU,2022-03-25 15:45:15,43.9,131.95,40.05,94,100,6.98
518,Gat,IL,2022-03-25 15:45:16,31.61,34.7642,57.88,100,32,8.79
519,Redcliffe,AU,2022-03-25 15:45:16,-27.2307,153.0973,69.89,88,75,6.91
520,Acarau,BR,2022-03-25 15:40:39,-2.8856,-40.12,83.16,73,29,8.52
521,Mazamitla,MX,2022-03-25 15:45:17,19.9167,-103.0333,67.95,15,0,2.93
522,Portland,US,2022-03-25 15:40:32,45.5234,-122.6762,51.64,85,75,10.36
523,Yelan,RU,2022-03-25 15:45:17,50.949,43.7378,29.03,95,0,3.47
524,Pingliang,CN,2022-03-25 15:45:18,35.5392,106.6861,43.41,35,98,9.06
525,Lewiston,US,2022-03-25 15:45:18,44.1003,-70.2148,43.14,89,100,6.91
526,Opuwo,NA,2022-03-25 15:45:18,-18.0607,13.84,83.28,22,7,12.08
527,Gondar,ET,2022-03-25 15:45:19,12.6,37.4667,73.85,17,54,14.2
528,Henties Bay,NA,2022-03-25 15:45:19,-22.116,14.2845,64.24,86,39,9.44
529,Sungairaya,ID,2022-03-25 15:45:20,0.7,108.9,80.33,82,100,3.09
530,Nanortalik,GL,2022-03-25 15:45:20,60.1432,-45.2371,31.8,63,98,1.9
531,Conde,BR,2022-03-25 15:45:21,-7.2597,-34.9075,87.26,58,40,11.5
532,Soure,BR,2022-03-25 15:45:21,-0.7167,-48.5233,81.55,75,81,5.55
533,Patterson,US,2022-03-25 15:41:25,37.4716,-121.1297,53.98,47,89,4.21
534,Havoysund,NO,2022-03-25 15:45:22,70.9963,24.6622,26.83,59,100,15.14
535,Bulawayo,ZW,2022-03-25 15:45:22,-20.15,28.5833,71.62,63,83,3.87
536,Usinsk,RU,2022-03-25 15:45:23,65.9939,57.5281,19.44,94,100,19.73
537,Yuzhne,UA,2022-03-25 15:45:23,46.6221,31.1013,46.87,51,61,5.97
538,Ilhabela,BR,2022-03-25 15:43:01,-23.7781,-45.3581,88.34,59,31,5.19
539,Pacific Grove,US,2022-03-25 15:41:04,36.6177,-121.9166,50.43,97,100,3.44
540,Zeya,RU,2022-03-25 15:45:24,53.75,127.2667,17.94,90,100,4.34
541,Namatanai,PG,2022-03-25 15:45:24,-3.6667,152.4333,79.97,77,93,5.66
542,Aklera,IN,2022-03-25 15:45:24,24.4167,76.5667,89.04,16,68,6.15
543,Kavieng,PG,2022-03-25 15:45:25,-2.5744,150.7967,81.52,77,100,8.52
544,Trelew,AR,2022-03-25 15:40:39,-43.249,-65.3051,64.56,38,0,4.18
545,Jinka,ET,2022-03-25 15:45:25,5.65,36.65,64.96,85,95,4.81
546,Muros,ES,2022-03-25 15:45:26,42.7762,-9.0603,65.68,74,97,3.11
547,Lovozero,RU,2022-03-25 15:45:26,68.005,35.0117,17.56,92,100,5.57
548,Shanghai,CN,2022-03-25 15:46:25,31.2222,121.4581,64.27,80,75,13.42
549,Chara,RU,2022-03-25 15:46:27,56.9064,118.2631,6.15,83,100,2.15
550,Piranhas,BR,2022-03-25 15:46:27,-16.4269,-51.8222,85.84,62,82,5.5
551,Sobolevo,RU,2022-03-25 15:46:28,54.4299,31.8996,35.26,100,100,6.13
552,Matai,TZ,2022-03-25 15:46:28,-8.3,31.5167,63.27,92,17,1.83
553,Sorong,ID,2022-03-25 15:46:29,-0.8833,131.25,79.32,77,100,3.51
554,Esmeraldas,BR,2022-03-25 15:46:29,-19.7625,-44.3139,87.91,52,4,4.83
555,Lake City,US,2022-03-25 15:46:08,30.1897,-82.6393,70.63,55,0,18.41
556,Cabo San Lucas,MX,2022-03-25 15:42:28,22.8909,-109.9124,76.05,55,93,2.57
